{
  "navItems": [{
      "label": "Home",
      "path": "#home",
      "offset": "70"
    },
    {
      "label": "Our Mission",
      "path": "#our-mission",
      "offset": "70"
    },
    {
      "label": "Donation",
      "path": "#donation",
      "offset": "120"
    },
    {
      "label": "Covid-19 Map",
      "path": "#covid-map",
      "offset": "70"
    },
    {
      "label": "Doctors Suggestions",
      "path": "#docs-suggestions",
      "offset": "70"
    },
    {
      "label": "Donation Goal",
      "path": "#donation-goal",
      "offset": "70"
    },
    {
      "label": "Donate Now",
      "path": "#donation-goal",
      "offset": "70"
    }
  ],
  "services": [{
      "id": 1,
      "icon": "../../assets/image/donation/our-mission/1.png",
      "title": "Healthy & Fresh Food",
      "desc": "We’re driven beyond just finishing projects. We want to find smart solutions.",
      "link": "#"
    },
    {
      "id": 2,
      "icon": "../../assets/image/donation/our-mission/2.png",
      "title": "Medicine & other",
      "desc": "We’re driven beyond just finishing projects. We want to find smart solutions.",
      "link": "#"
    },
    {
      "id": 3,
      "icon": "../../assets/image/donation/our-mission/3.png",
      "title": "Pure Drinking water",
      "desc": "We’re driven beyond just finishing projects. We want to find smart solutions.",
      "link": "#"
    },
    {
      "id": 4,
      "icon": "../../assets/image/donation/our-mission/4.png",
      "title": "Personal Protection",
      "desc": "We’re driven beyond just finishing projects. We want to find smart solutions.",
      "link": "#"
    },
    {
      "id": 5,
      "icon": "../../assets/image/donation/our-mission/5.png",
      "title": "Mask, sanitizer & other",
      "desc": "We’re driven beyond just finishing projects. We want to find smart solutions.",
      "link": "#"
    }
  ],
  "presetAmounts": [{
      "id": 1,
      "label": "$5",
      "value": 5
    },
    {
      "id": 2,
      "label": "$20",
      "value": 20
    },
    {
      "id": 3,
      "label": "$50",
      "value": 50
    },
    {
      "id": 4,
      "label": "$100",
      "value": 100
    }
  ],
  "effectedCountries": [{
      "id": 1,
      "name": "Italy",
      "flag": "../../assets/image/donation/italy.png",
      "amount": 10023
    },
    {
      "id": 2,
      "name": "China",
      "flag": "../../assets/image/donation/china.png",
      "amount": 3300
    },
    {
      "id": 3,
      "name": "USA",
      "flag": "../../assets/image/donation/usa.png",
      "amount": 2277
    }
  ],
  "suggestions": [{
      "id": 1,
      "thumb": "../../assets/image/donation/suggestions/1.png",
      "title": "Wash your hand at least 20 sec"
    },
    {
      "id": 2,
      "thumb": "../../assets/image/donation/suggestions/2.png",
      "title": "Cover your coughs or sneeze"
    },
    {
      "id": 3,
      "thumb": "../../assets/image/donation/suggestions/3.png",
      "title": "Clean & disinfect frequently touched object & surfaces."
    },
    {
      "id": 4,
      "thumb": "../../assets/image/donation/suggestions/4.png",
      "title": "Don’t eat raw food, thoroughly cook eggs & meat."
    }
  ],
  "footerNav": [{
      "id": 1,
      "url": "#home",
      "title": "Home"
    },
    {
      "id": 2,
      "url": "#",
      "title": "Privacy"
    },
    {
      "id": 3,
      "url": "#",
      "title": "Licence"
    },
    {
      "id": 4,
      "url": "#",
      "title": "Contact us"
    }
  ]
}