{
	"navbar": {
		"logo": "../../assets/image/appModern/logo.png",
		"navMenu": [
			{
				"id": 1,
				"label": "Home",
				"path": "#home",
				"offset": "84"
			},
			{
				"id": 2,
				"label": "Key Features",
				"path": "#features",
				"offset": "81"
			},
			{
				"id": 3,
				"label": "Testimonial",
				"path": "#testimonial",
				"offset": "81"
			},
			{
				"id": 4,
				"label": "Pricing",
				"path": "#pricing",
				"offset": "81"
			},
			{
				"id": 5,
				"label": "Team Members",
				"path": "#team",
				"offset": "81"
			}
		]
	},

	"client": [
		{
			"id": 1,
			"image": "../../assets/image/appModern/company1.png",
			"title": "The new york times"
		},
		{
			"id": 2,
			"image": "../../assets/image/appModern/company2.png",
			"title": "amazon"
		},
		{
			"id": 3,
			"image": "../../assets/image/appModern/company3.png",
			"title": "evernote"
		},
		{
			"id": 4,
			"image": "../../assets/image/appModern/company4.png",
			"title": "the verge"
		}
	],

	"features": {
		"slogan": "KEY FEATURES",
		"title": "Why you choose our app",
		"items": [
			{
				"id": 1,
				"color": "#F55767",
				"icon": "../../assets/image/appModern/icon1.svg",
				"title": "App Development",
				"description": "We are specialized at custom Saas Application Development and special features."
			},
			{
				"id": 2,
				"color": "#ff4742",
				"icon": "../../assets/image/appModern/icon2.svg",
				"title": "10 Times Award",
				"description": "We are globally recognised for our services and won a lot of prices around the world ."
			},
			{
				"id": 3,
				"color": "#fb5781",
				"icon": "../../assets/image/appModern/icon3.svg",
				"title": "Cloud Storage",
				"description": "LiteSpeed Web Server known for its high performance and low resource consumption."
			},
			{
				"id": 4,
				"color": "#f18e47",
				"icon": "../../assets/image/appModern/icon4.svg",
				"title": "Customization",
				"description": "Client Satisfaction is our first priority and We are best at it. Keep In Touch for the best output. "
			}
		]
	},

	"appSlider": {
		"carousel": [
			{
				"id": 1,
				"image": "../../assets/image/appModern/appSlider1.png",
				"title": "App Slide 1"
			},
			{
				"id": 2,
				"image": "../../assets/image/appModern/appSlider2.png",
				"title": "App Slide 1"
			},
			{
				"id": 3,
				"image": "../../assets/image/appModern/appSlider3.png",
				"title": "App Slide 1"
			}
		],
		"title": "Smart Jackpots that you may love this anytime & anywhere",
		"description": "The rise of mobile devices transforms the way we consume information entirely and the world's most elevant channels such as Facebook.",
		"features": [
			{
				"id": 1,
				"icon": "../../assets/image/appModern/icon1.svg",
				"title": "Easy Invoicing",
				"description": "Surprice your clients with professional looking invoices."
			},
			{
				"id": 2,
				"icon": "../../assets/image/appModern/icon1.svg",
				"title": "UX Planning",
				"description": "UI/UX Design by following and maintaining the latest trends ."
			},
			{
				"id": 3,
				"icon": "../../assets/image/appModern/icon1.svg",
				"title": "Customer Support",
				"description": "A Dedicated support team will be always ready for you."
			}
		]
	},

	"designAndBuilt": {
		"image": "../../assets/image/appModern/code.png",
		"slogan": "CODE INTEGRATION",
		"title": "Introducing coding features of our apps with Customization",
		"description": "Lorem ipsum dolor sit amet consectetur adipisicing elit sed eiusmod tempor incididunt labore dolore features that Lorem ipsum dolor sit amet consectetur."
	},

	"productData": {
		"slogan": "PRODUCT SHOWCASE",
		"title": "Meet Client Satisfaction by using our product",
		"slider": [
			{
				"id": 1,
				"thumb_url": "../../assets/image/appModern/page1.png",
				"link": "#1",
				"title": "slide 1"
			},
			{
				"id": 2,
				"thumb_url": "../../assets/image/appModern/page2.png",
				"link": "#1",
				"title": "slide 2"
			},
			{
				"id": 3,
				"thumb_url": "../../assets/image/appModern/page3.png",
				"link": "#1",
				"title": "slide 3"
			},

			{
				"id": 4,
				"thumb_url": "../../assets/image/appModern/page1.png",
				"link": "#1",
				"title": "slide 4"
			},

			{
				"id": 5,
				"thumb_url": "../../assets/image/appModern/page3.png",
				"link": "#1",
				"title": "slide 5"
			},
			{
				"id": 6,
				"thumb_url": "../../assets/image/appModern/page2.png",
				"link": "#1",
				"title": "slide 6"
			}
		]
	},

	"pricing": {
		"slogan": "PRICING PLAN",
		"title": "Choose your pricing policy",
		"monthly": [
			{
				"id": 1,
				"title": "Business Class",
				"description": "For Small teams or office",
				"suggested": false,
				"price": 0,
				"features": [
					{
						"id": 1,
						"text": "Drag & Drop Builder"
					},
					{
						"id": 2,
						"text": "1,000's of Templates"
					},
					{
						"id": 3,
						"text": "Blog Support Tools"
					},
					{
						"id": 4,
						"text": "eCommerce Store "
					}
				]
			},
			{
				"id": 2,
				"title": "Pro Master",
				"description": "For Best opportunities",
				"suggested": true,
				"price": 99,
				"trail": 14,
				"trailLink": "#",
				"features": [
					{
						"id": 1,
						"text": "Drag & Drop Builder"
					},
					{
						"id": 2,
						"text": "1,000's of Templates"
					},
					{
						"id": 3,
						"text": "Blog Support Tools"
					},
					{
						"id": 4,
						"text": "eCommerce Store "
					}
				]
			}
		],
		"annualy": [
			{
				"id": 1,
				"title": "Pro Master",
				"description": "For Small teams or office",
				"suggested": true,
				"price": 999,
				"trail": 14,
				"trailLink": "#",
				"features": [
					{
						"id": 1,
						"text": "Drag & Drop Builder"
					},
					{
						"id": 2,
						"text": "1,000's of Templates"
					},
					{
						"id": 3,
						"text": "Blog Support Tools"
					},
					{
						"id": 4,
						"text": "eCommerce Store "
					}
				]
			},
			{
				"id": 2,
				"title": "Enterprise",
				"description": "For Best opportunities",
				"suggested": false,
				"price": 1299,
				"trail": 30,
				"trailLink": "#",
				"features": [
					{
						"id": 1,
						"text": "Drag & Drop Builder"
					},
					{
						"id": 2,
						"text": "1,000's of Templates"
					},
					{
						"id": 3,
						"text": "Blog Support Tools"
					},
					{
						"id": 4,
						"text": "eCommerce Store "
					}
				]
			}
		]
	},

	"teamportfolio": {
		"title": "Meet our awesome team members, work behind the sense",
		"description": "Lorem ipsum dolor sit amet consectetur adipisicing elit sed eiusmod tempor incididunt labore dolore features that Lorem ipsum dolor sit amet consectetur.",

		"teammember": [
			{
				"id": 1,
				"img": "../../assets/image/appModern/1.png",
				"text": "Berlin Corleone"
			},
			{
				"id": 2,
				"img": "../../assets/image/appModern/2.png",
				"text": "Jona White"
			},
			{
				"id": 3,
				"img": "../../assets/image/appModern/3.png",
				"text": "Michael Price"
			},
			{
				"id": 4,
				"img": "../../assets/image/appModern/4.png",
				"text": "Vito Jackson"
			},
			{
				"id": 5,
				"img": "../../assets/image/appModern/5.png",
				"text": "Miss Clair"
			},
			{
				"id": 6,
				"img": "../../assets/image/appModern/6.png",
				"text": "Kabir Ali"
			},
			{
				"id": 7,
				"img": "../../assets/image/appModern/7.png",
				"text": "Arthus Doe"
			}
		]
	},

	"testimonial": {
		"slogan": "TESTIMONIAL",
		"title": "Meet Client Satisfaction by using product",
		"reviews": [
			{
				"id": 1,
				"title": "Modern look & trending design",
				"description": "Get working experience to work with this amazing team & in future want to work together for bright future projects and also make deposit to freelancer.",
				"avatar": "https://pbs.twimg.com/profile_images/974736784906248192/gPZwCbdS.jpg",
				"name": "Jon Doe",
				"designation": "CEO of RedQ Inc.",
				"review": 4
			},
			{
				"id": 2,
				"title": "User friendly & Customizable",
				"description": "Lorem ipsum dolor sit amet consectetur adipisicing elit sed eiusmod tempor incididunt labore dolore features Lorem ipsum dolor sit amet consectetur adipisicing.",
				"avatar": "https://randomuser.me/api/portraits/women/44.jpg",
				"name": "Jeny Doe",
				"designation": "Co Founder of RedQ Inc.",
				"review": 5
			},
			{
				"id": 3,
				"title": "User friendly & Customizable",
				"description": "Lorem ipsum dolor sit amet consectetur adipisicing elit sed eiusmod tempor incididunt labore dolore features Lorem ipsum dolor sit amet consectetur adipisicing.",
				"avatar": "https://tinyfac.es/data/avatars/475605E3-69C5-4D2B-8727-61B7BB8C4699-500w.jpeg",
				"name": "Jon Doe",
				"designation": "Co Founder of RedQ Inc.",
				"review": 5
			}
		]
	},

	"footer": {
		"widgets": [
			{
				"id": 1,
				"icon": "../../assets/image/appModern/chat.svg",
				"title": "Join the Community",
				"description": "Lorem ipsum dolor sit amet consectetur adipisicing elit sed eiusmod tempor incididunt labore dolore."
			},
			{
				"id": 2,
				"icon": "../../assets/image/appModern/group.svg",
				"title": "Join in Chat Community",
				"description": "Lorem ipsum dolor sit amet consectetur adipisicing elit sed eiusmod tempor incididunt labore dolore."
			},
			{
				"id": 3,
				"icon": "../../assets/image/appModern/github.svg",
				"title": "Github Access",
				"description": "Lorem ipsum dolor sit amet consectetur adipisicing elit sed eiusmod tempor incididunt labore dolore."
			}
		],
		"logo": "../../assets/image/appModern/logoWhite.png",
		"menu": [
			{
				"id": 1,
				"text": "Home",
				"link": "#"
			},
			{
				"id": 2,
				"text": "Adversite",
				"link": "#"
			},
			{
				"id": 3,
				"text": "Supports",
				"link": "#"
			},
			{
				"id": 4,
				"text": "Marketing",
				"link": "#"
			},
			{
				"id": 5,
				"text": "Contact",
				"link": "#"
			}
		]
	}
}
