{
  "MENU_ITEMS": [
    {
      "label": "Home",
      "path": "#banner_section",
      "offset": "70"
    },
    {
      "label": "Feature",
      "path": "#feature_section",
      "offset": "70"
    },
    {
      "label": "Service",
      "path": "#service_section",
      "offset": "70"
    },
    {
      "label": "Dashboard",
      "path": "#dashboard_section",
      "offset": "70"
    },
    {
      "label": "Pricing",
      "path": "#pricing_section",
      "offset": "70"
    },
    {
      "label": "Blog",
      "path": "#blog_section",
      "offset": "70"
    }
  ],
  "BannerData": {
    "image": "../../assets/image/app-minimal/banner-moc-1-1.png",
    "title": "Only trusted wallet apps that make your day beautiful",
    "text": "There will be a day–in our lifetime–when we get to celebrate every person on the planet having access. Moment Pro is the best software platform to collect reviews.",
    "tagline": "*No Credit card required",
    "button": {
      "link": "#",
      "label": "Try it for free"
    }
  },
  "keyFeatures": {
    "title": "Business start with great features",
    "description": "Build an incredible workplace and grow your business with Gusto’s all-in-one platform with amazing contents.",
    "features": [
      {
        "id": 1,
        "icon": "../../assets/image/app-minimal/key-feature/key-feature-1.svg",
        "title": "Analytics Report",
        "description": "We’re driven beyond just finishing the projects. We want to find smart solutions."
      },
      {
        "id": 2,
        "icon": "../../assets/image/app-minimal/key-feature/key-feature-2.svg",
        "title": "User Customization",
        "description": "We’re driven beyond just finishing the projects. We want to find smart solutions."
      },
      {
        "id": 3,
        "icon": "../../assets/image/app-minimal/key-feature/key-feature-3.svg",
        "title": "Help & Support",
        "description": "We’re driven beyond just finishing the projects. We want to find smart solutions."
      },
      {
        "id": 4,
        "icon": "../../assets/image/app-minimal/key-feature/key-feature-4.svg",
        "title": "Use Accessibility",
        "description": "We’re driven beyond just finishing the projects. We want to find smart solutions."
      }
    ]
  },
  "chooseUs": {
    "title": "Why you choose Wallet app for your daily use?",
    "description": "Pick one of our stock themes, or create your custom theme with the most advanced theme editor on any online survey building tool.",
    "thumbnail": "../../assets/image/app-minimal/choose-thumbnail.jpg",
    "features": [
      {
        "id": 1,
        "title": "Easy to use application",
        "description": "We’re driven beyond just finishing the projects. We want to find solutions."
      },
      {
        "id": 2,
        "title": "Transfer to touch share",
        "description": "We’re driven beyond just finishing the projects. We want to find solutions."
      },
      {
        "id": 3,
        "title": "100% Reliable with Privacy",
        "description": "We’re driven beyond just finishing the projects. We want to find solutions."
      }
    ]
  },
  "walletExperience": {
    "title": "Take your wallet experience to new ultimate level",
    "description": "Pick one of our stock themes, or create your custom theme with the most advanced theme editor on any online survey building tool.",
    "image": {
      "thumb": "../../assets/image/app-minimal/wallet-thumbnail.jpg",
      "bubble": [
        {
          "image": "../../assets/image/app-minimal/wallet-thumbnail-bubble-1.png"
        },
        {
          "image": "../../assets/image/app-minimal/wallet-thumbnail-bubble-2.png"
        },
        {
          "image": "../../assets/image/app-minimal/wallet-thumbnail-bubble-3.png"
        }
      ]
    },
    "features": [
      {
        "id": 1,
        "icon": "../../assets/image/app-minimal/wallet-experience/experience-1.svg",
        "title": "Fast & Instant Transfer",
        "description": "We’re driven beyond just finishing the projects. We want to find solutions."
      },
      {
        "id": 2,
        "icon": "../../assets/image/app-minimal/wallet-experience/experience-2.svg",
        "title": "File Management System",
        "description": "We’re driven beyond just finishing the projects. We want to find smart solutions."
      }
    ]
  },
  "features": {
    "title": "So How Does UserPlace Work ?",
    "description": "See some of the features below and learn why businesses trust UserPlace",
    "items": [
      {
        "id": 1,
        "icon": "../../assets/image/app-minimal/feature/feature-icon-1.svg",
        "title": "Analytics Business",
        "description": "We’re driven beyond just finishing the projects. We want to find smart solutions."
      },
      {
        "id": 2,
        "icon": "../../assets/image/app-minimal/feature/feature-icon-2.svg",
        "title": "Artificial Intelligence",
        "description": "We’re driven beyond just finishing the projects. We want to find smart solutions."
      },
      {
        "id": 3,
        "icon": "../../assets/image/app-minimal/feature/feature-icon-3.svg",
        "title": "Privacy & Security",
        "description": "We’re driven beyond just finishing the projects. We want to find smart solutions."
      },
      {
        "id": 4,
        "icon": "../../assets/image/app-minimal/feature/feature-icon-4.svg",
        "title": "Annual Reports",
        "description": "We’re driven beyond just finishing the projects. We want to find smart solutions."
      },
      {
        "id": 5,
        "icon": "../../assets/image/app-minimal/feature/feature-icon-5.svg",
        "title": "Video Tutorial",
        "description": "We’re driven beyond just finishing the projects. We want to find smart solutions."
      },
      {
        "id": 6,
        "icon": "../../assets/image/app-minimal/feature/feature-icon-6.svg",
        "title": "Performance Analysis",
        "description": "We’re driven beyond just finishing the projects. We want to find smart solutions."
      }
    ]
  },
  "secureTransaction": {
    "image": {
      "thumb": "../../assets/image/app-minimal/secure-transaction.jpg",
      "bubble": "../../assets/image/app-minimal/secure-transaction-bubble-1.png"
    },
    "title": "Most promising secure transaction with fast & Entertaining",
    "description": "Pick one of our stock themes, or create your custom theme with the most advanced theme editor on any online survey building tool. Pick one of our stock themes, or create your custom theme with the most advanced theme editor on any online survey building tool."
  },
  "WalletDashboardData": [
    {
      "step": "Step 01",
      "title": "Create a free Account",
      "image": "../../assets/image/app-minimal/wallet-dashboard-1.png"
    },
    {
      "step": "Step 02",
      "title": "Verified your Account",
      "image": "../../assets/image/app-minimal/wallet-dashboard-1.png"
    },
    {
      "step": "Step 03",
      "title": "Monitor your Dashboard",
      "image": "../../assets/image/app-minimal/wallet-dashboard-1.png"
    },
    {
      "step": "Step 04",
      "title": "Promote & Refer Account",
      "image": "../../assets/image/app-minimal/wallet-dashboard-1.png"
    }
  ],
  "TrackData": {
    "title": "The Most Effective wallet app to track your ultimate daily transaction",
    "paragraph": [
      {
        "text": "Pick one of our stock themes, or create your custom theme with the most advanced theme editor on any online survey building tool. Pick one of our stock themes, or create your custom theme with the most advanced theme editor on any online survey building tool. There will be a day–in our lifetime–when we get to celebrate every person on the planet having access. Moment Pro is the best software platform to collect reviews."
      },
      {
        "text": "There will be a day–in our lifetime–when we get to celebrate every person on the planet having access. Moment Pro is the best software platform to collect reviews. Pick one of our stock themes, or create your custom theme with the most advanced theme editor on any online survey building tool. Pick one of our stock themes, or create your custom theme with the most advanced theme editor on any online survey building tool."
      }
    ],
    "trackBox": [
      {
        "image": "../../assets/image/app-minimal/graph-1-1.png",
        "count": "38",
        "text": "Avarage Convension Rate"
      },
      {
        "image": "../../assets/image/app-minimal/graph-1-2.png",
        "count": "53",
        "text": "Avarage Growth Rate"
      }
    ]
  },
  "GalleryData": [
    {
      "image": "../../assets/image/app-minimal/gallery/gallery-1-1.png"
    },
    {
      "image": "../../assets/image/app-minimal/gallery/gallery-1-2.png"
    },
    {
      "image": "../../assets/image/app-minimal/gallery/gallery-1-3.png"
    },
    {
      "image": "../../assets/image/app-minimal/gallery/gallery-1-4.png"
    }
  ],
  "CounterData": {
    "blockTitle": {
      "title": "Let’s take your wallet Experience to the next level",
      "tagline": "Pick one of our stock themes, or create your custom theme with the most advanced theme editor on any online survey building tool. Pick one of our stock themes, or create your custom theme with the most advanced theme editor on any online survey building tool."
    },
    "countBox": [
      {
        "number": "15",
        "text": "average increase in bookings",
        "button": {
          "label": "Read story",
          "link": "#"
        }
      },
      {
        "number": "73",
        "text": "increase in free account conversions",
        "button": {
          "label": "Read story",
          "link": "#"
        }
      },
      {
        "number": "28",
        "text": "increase in reservations",
        "button": {
          "label": "Read story",
          "link": "#"
        }
      }
    ]
  },
  "MONTHLY_PRICING_DATA": [
    {
      "recommended": false,
      "title": "Lite",
      "price": "Free",
      "tagline": "with restrictions",
      "planLabel": "Plan \"includes\":",
      "options": [
        {
          "text": "Manage conversations directly from your websites optimization."
        },
        {
          "text": "Unlimited links"
        },
        {
          "text": "Chat promt supported"
        },
        {
          "text": "Optimzed hashtags"
        },
        {
          "text": "Own analytics platform"
        }
      ],
      "button": {
        "label": "Start 14 days of free trial",
        "link": "#"
      }
    },
    {
      "recommended": true,
      "title": "Pro",
      "price": "$15.93",
      "tagline": "Monthly",
      "planLabel": "Plan \"includes\":",
      "options": [
        {
          "text": "Manage conversations directly from your websites optimization."
        },
        {
          "text": "Unlimited links"
        },
        {
          "text": "Chat promt supported"
        },
        {
          "text": "Optimzed hashtags"
        },
        {
          "text": "Own analytics platform"
        }
      ],
      "button": {
        "label": "Start 14 days of free trial",
        "link": "#"
      }
    }
  ],
  "YEARLY_PRICING_DATA": [
    {
      "recommended": false,
      "title": "Lite",
      "price": "Free",
      "tagline": "with restrictions",
      "planLabel": "Plan \"includes\":",
      "options": [
        {
          "text": "Manage conversations directly from your websites optimization."
        },
        {
          "text": "Unlimited links"
        },
        {
          "text": "Chat promt supported"
        },
        {
          "text": "Optimzed hashtags"
        },
        {
          "text": "Own analytics platform"
        }
      ],
      "button": {
        "label": "Start 14 days of free trial",
        "link": "#"
      }
    },
    {
      "recommended": true,
      "title": "Pro",
      "price": "$99.93",
      "tagline": "Yearly",
      "planLabel": "Plan \"includes\":",
      "options": [
        {
          "text": "Manage conversations directly from your websites optimization."
        },
        {
          "text": "Unlimited links"
        },
        {
          "text": "Chat promt supported"
        },
        {
          "text": "Optimzed hashtags"
        },
        {
          "text": "Own analytics platform"
        }
      ],
      "button": {
        "label": "Start 14 days of free trial",
        "link": "#"
      }
    }
  ],
  "BlogData": [
    {
      "image": "../../assets/image/app-minimal/blog/blog-1-1.png",
      "title": "The 3 Fundamental Rules to Keep Your Website Goal Orientated",
      "link": "#"
    },
    {
      "image": "../../assets/image/app-minimal/blog/blog-1-2.png",
      "title": "Why the Best Websites Focus on Their Conversion Funnel",
      "link": "#"
    },
    {
      "image": "../../assets/image/app-minimal/blog/blog-1-3.png",
      "title": "Acquire More Leads Through Your Website By Switching Perspectives",
      "link": "#"
    }
  ],
  "CallToActionData": {
    "title": "Are you Interested? Join our waitlist",
    "text": "We're launching soon - join our waitlist to get early access.",
    "link": {
      "label": "Join Waitlist Today",
      "path": "#"
    }
  },
  "FooterData": {
    "menu": [
      {
        "link": "#",
        "label": "Support"
      },
      {
        "link": "#",
        "label": "About Us"
      },
      {
        "link": "#",
        "label": "Privacy"
      },
      {
        "link": "#",
        "label": "Contact"
      }
    ],
    "logo": "../../assets/image/app-minimal/footer/logo-footer.svg",
    "social": [
      {
        "link": "#",
        "icon": "../../assets/image/app-minimal/footer/footer-facebook.svg"
      },
      {
        "link": "#",
        "icon": "../../assets/image/app-minimal/footer/footer-twitter.svg"
      },
      {
        "link": "#",
        "icon": "../../assets/image/app-minimal/footer/footer-dribble.svg"
      }
    ]
  }
}
