{
  "navbar": {
    "logo": "../../assets/image/appCreative/logo.png",
    "navMenu": [
      {
        "id": 1,
        "label": "Home", 
        "path": "#home",
        "offset": "80"
      },
      {
        "id": 2,
        "label": "Key Features",
        "path": "#keyFeatures",
        "offset": "73"
      },
      {
        "id": 3,
        "label": "Pricing",
        "path": "#pricing",
        "offset": "73"
      },
      {
        "id": 4,
        "label": "Client",
        "path": "#testimonial",
        "offset": "73"
      },
      {
        "id": 5,
        "label": "FAQ",
        "path": "#faq",
        "offset": "73"
      }
    ]
  },
  "keyFeatures": {
    "title": "Business start with great features",
    "slogan": "Build an incredible workplace and grow your business with Gusto’s all-in-one platform with amazing contents.",
    "features": [
      {
        "id": 1,
        "icon": "../../assets/image/appCreative/key_feature/1.svg",
        "title": "Make Snap real",
        "description": "We’re driven beyond just finishing the projects. We want to find smart solutions."
      },
      {
        "id": 2,
        "icon": "../../assets/image/appCreative/key_feature/2.svg",
        "title": "Total Virtual Reality",
        "description": "We’re driven beyond just finishing the projects. We want to find smart online solutions."
      },
      {
        "id": 3,
        "icon": "../../assets/image/appCreative/key_feature/3.svg",
        "title": "Full 360 View",
        "description": "We’re driven beyond just finishing the projects. We want to find smart solutions."
      },
      {
        "id": 4,
        "icon": "../../assets/image/appCreative/key_feature/4.svg",
        "title": "Artificial Intelligence",
        "description": "We’re driven beyond just finishing the projects. We want to find smart solutions."
      }
    ]
  },
  "chooseUs": {
    "title": "Why you choose Capture app for your daily use?",
    "thumb": "../../assets/image/appCreative/chooseThumb.png",
    "features": [
      {
        "id": 1,
        "title": "Front-end Development",
        "description": "We’re driven beyond just finishing the projects. We want to find solutions."
      },
      {
        "id": 2,
        "title": "Front-end Development",
        "description": "We’re driven beyond just finishing the projects. We want to find solutions."
      },
      {
        "id": 3,
        "title": "Front-end Development",
        "description": "We’re driven beyond just finishing the projects. We want to find solutions."
      }
    ]
  },
  "experiences": {
    "title": "Listen our user experience stories",
    "slogan": "Build an incredible workplace and grow your business with Gusto’s all-in-one platform with amazing contents.",
    "video_theme": "../../assets/image/appCreative/experienceVideo.png",
    "features": [
      {
        "id": 1,
        "icon": "../../assets/image/appCreative/experience/1.png",
        "title": "Professional Environment",
        "description": "We enjoy office retreats and visit famous places of our country and abroad also! We have planned to extend our business."
      },
      {
        "id": 2,
        "icon": "../../assets/image/appCreative/experience/2.png",
        "title": "Worked with experienced team",
        "description": "With more than 100,000 users, we are is growing fast. Currently, we are a team of 65+ people"
      },
      {
        "id": 3,
        "icon": "../../assets/image/appCreative/experience/3.png",
        "title": "Ultimate skill development",
        "description": "Life is what happens when you’re busy working. We make sure you enjoy it with ultimate experience."
      },
      {
        "id": 4,
        "icon": "../../assets/image/appCreative/experience/4.png",
        "title": "Professional Environment",
        "description": "We build amazing things that work with awesome people who are WordPress enthusiasts, talented, eager to learn and team players."
      }
    ],
    "clients": [
      {
        "id": 1,
        "logo": "../../assets/image/appCreative/client_logo/1.png",
        "name": "geekwire",
        "link": "#1"
      },
      {
        "id": 2,
        "logo": "../../assets/image/appCreative/client_logo/2.png",
        "name": "slack",
        "link": "#2"
      },
      {
        "id": 3,
        "logo": "../../assets/image/appCreative/client_logo/3.png",
        "name": "envato",
        "link": "#3"
      },
      {
        "id": 4,
        "logo": "../../assets/image/appCreative/client_logo/4.png",
        "name": "usa today",
        "link": "#4"
      },
      {
        "id": 5,
        "logo": "../../assets/image/appCreative/client_logo/5.png",
        "name": "forbes",
        "link": "#5"
      }
    ]
  },
  "features": {
    "title": "Meet our all exciting features",
    "slogan": "Build an incredible workplace and grow your business with Gusto’s all-in-one platform with amazing contents.",
    "items": [
      {
        "id": 1,
        "thumbnail": "../../assets/image/appCreative/feature/slide1.png",
        "title": "Professional Environment",
        "description": "We enjoy office retreats and visit famous places of our country and abroad also."
      },
      {
        "id": 2,
        "thumbnail": "../../assets/image/appCreative/feature/slide2.png",
        "title": "Professional Environment",
        "description": "We enjoy office retreats and visit famous places of our country and abroad also."
      },
      {
        "id": 3,
        "thumbnail": "../../assets/image/appCreative/feature/slide3.png",
        "title": "Professional Environment",
        "description": "We enjoy office retreats and visit famous places of our country and abroad also."
      },
      {
        "id": 4,
        "thumbnail": "../../assets/image/appCreative/feature/slide4.png",
        "title": "Professional Environment",
        "description": "We enjoy office retreats and visit famous places of our country and abroad also."
      },
      {
        "id": 5,
        "thumbnail": "../../assets/image/appCreative/feature/slide5.png",
        "title": "Professional Environment",
        "description": "We enjoy office retreats and visit famous places of our country and abroad also."
      },
      {
        "id": 6,
        "thumbnail": "../../assets/image/appCreative/feature/slide6.png",
        "title": "Professional Environment",
        "description": "We enjoy office retreats and visit famous places of our country and abroad also."
      }
    ]
  },
  "pricing": {
    "title": "Meet our exciting Pricing Plan",
    "slogan": "We designed our pricing plan with affordable price for users",
    "pricingFeature": [
      {
        "id": 1,
        "name": "Full Access Library"
      },
      {
        "id": 2,
        "name": "Multiple user"
      },
      {
        "id": 3,
        "name": "Refund Policy"
      },
      {
        "id": 4,
        "name": "Google Analytics"
      },
      {
        "id": 5,
        "name": "24/7 support"
      }
    ],
    "pricingItems": [
      {
        "id": 1,
        "package_name": "Starter Pack",
        "price": 18,
        "trial_day": 15,
        "isRecommended": false,
        "features": [
          {
            "id": 1,
            "name": "Full Access Library",
            "isAvailable": true
          },
          {
            "id": 2,
            "name": "Multiple user",
            "isAvailable": true
          },
          {
            "id": 3,
            "name": "Refund Policy",
            "isAvailable": false
          },
          {
            "id": 4,
            "name": "Google Analytics",
            "isAvailable": false
          },
          {
            "id": 5,
            "name": "24/7 support",
            "isAvailable": false
          }
        ]
      },
      {
        "id": 2,
        "package_name": "Premium Pack",
        "price": 29,
        "trial_day": 30,
        "isRecommended": true,
        "features": [
          {
            "id": 1,
            "name": "Full Access Library",
            "isAvailable": true
          },
          {
            "id": 2,
            "name": "Multiple user",
            "isAvailable": true
          },
          {
            "id": 3,
            "name": "Refund Policy",
            "isAvailable": true
          },
          {
            "id": 4,
            "name": "Google Analytics",
            "isAvailable": false
          },
          {
            "id": 5,
            "name": "24/7 support",
            "isAvailable": false
          }
        ]
      },
      {
        "id": 3,
        "package_name": "Ultimate Pack",
        "price": 35,
        "trial_day": 45,
        "isRecommended": false,
        "features": [
          {
            "id": 1,
            "name": "Full Access Library",
            "isAvailable": true
          },
          {
            "id": 2,
            "name": "Multiple user",
            "isAvailable": true
          },
          {
            "id": 3,
            "name": "Refund Policy",
            "isAvailable": true
          },
          {
            "id": 4,
            "name": "Google Analytics",
            "isAvailable": true
          },
          {
            "id": 5,
            "name": "24/7 support",
            "isAvailable": false
          }
        ]
      }
    ]
  },
  "testimonial": {
    "title": "What our clients say about us",
    "slogan": "Some inspirational feedback from our customers on twitter",
    "reviews": [
      {
        "id": 1,
        "description": "OMG! I cannot believe that I have got a brand new landing page after getting this template we are able to use our most used e-commerce for your branding site to make a profitable and make it cool with fast loading experience.",
        "avatar": "../../assets/image/appCreative/client/client-avatar-1.jpg",
        "name": "Jonathan Taylor",
        "designation": "CEO at Creativex",
        "twitterProfile": "https://twitter.com/redqinc"
      },
      {
        "id": 2,
        "description": "@redqteam is great for creating with landing pages within minutes! It then actually takes less time…",
        "avatar": "../../assets/image/appCreative/client/client-avatar-2.jpg",
        "name": "Gavin Park",
        "designation": "CEO at Orbital",
        "twitterProfile": "https://twitter.com/redqinc"
      },
      {
        "id": 3,
        "description": "Whenever I need to create a new cool commerce site for clients @redqteam is my solution is the best agency. We are super excited about it.",
        "avatar": "../../assets/image/appCreative/client/client-avatar-3.jpg",
        "name": "Betty Norton",
        "designation": "Freelance Designer",
        "twitterProfile": "https://twitter.com/redqinc"
      },

      {
        "id": 4,
        "description": "Whenever I need to create a new cool commerce site for clients @redqteam is my solution is the best agency. We are super excited about it. profitable and make it cool with fast loading experience & it make the site more customizable & fluent.",
        "avatar": "../../assets/image/appCreative/client/client-avatar-3.jpg",
        "name": "Betty Norton",
        "designation": "Freelance Designer",
        "twitterProfile": "https://twitter.com/redqinc"
      },
      {
        "id": 5,
        "description": "We are really excited that we have got a brand new landing page after getting this template we are able to use our most used e-commerce for your branding site to make a profitable and make it cool with fast loading experience.",
        "avatar": "../../assets/image/appCreative/client/client-avatar-1.jpg",
        "name": "Jonathan Taylor",
        "designation": "CEO at Creativex",
        "twitterProfile": "https://twitter.com/redqinc"
      },
      {
        "id": 6,
        "description": "Whenever I need to create a new cool commerce site for clients, @redqteam is my solution is the best agency. ",
        "avatar": "../../assets/image/appCreative/client/client-avatar-3.jpg",
        "name": "Betty Norton",
        "designation": "Freelance Designer",
        "twitterProfile": "https://twitter.com/redqinc"
      }
    ]
  },
  "availableStore": {
    "title": "We are available in both play store & app store ✌️",
    "description": "There will be a day–in our lifetime–when we get to celebrate every person on the planet having access.",
    "thumb": "../../assets/image/appCreative/availableThumb.png",
    "numberPrefix": [
      {
        "label": "+13",
        "value": 13
      },
      {
        "label": "+14",
        "value": 14
      },
      {
        "label": "+15",
        "value": 15
      },
      {
        "label": "+16",
        "value": 16
      },
      {
        "label": "+17",
        "value": 17
      },
      {
        "label": "+18",
        "value": 18
      }
    ]
  },
  "faq": {
    "title": "Frequently Ask Question",
    "slogan": "What are you looking for and find the solution on our FAQ page",
    "faqs": [
      {
        "id": 1,
        "question": "Which domain should I purchase?",
        "answer": "We make it easy to move to CometNine. Simply contact us and we'll move your hosting account from any other provider, regardless of the control panel. If at anytime your website is down for more than 0.1% result"
      },
      {
        "id": 2,
        "question": "Can I upgrade or downgrade my web hosting plan",
        "answer": "The pricing made me a little hesitant at first but I have been pleasantly surprised by the level of care given by CometNine."
      },
      {
        "id": 3,
        "question": "How do I upgrade the storage capacity of my hosting plan?",
        "answer": "Stop your viewers from getting distracted. Publish videos to your own Channel and rest easy knowing viewers won’t be annoyed by ads or pulled down a rabbit hole of unrelated videos."
      },
      {
        "id": 4,
        "question": "What are some tips when choosing a name?",
        "answer": "Get your website tests delivered at the home collect a sample from management news. Get your blood tests delivered at the home collect a sample from management news. Get your blood tests delivered at the home collect a sample from management news."
      },
      {
        "id": 5,
        "question": "What is in Motion Hosting’s uptime rate?",
        "answer": "Designed with beginners in mind and packed with advanced features developers will love. Start with a quick and simple install"
      },
      {
        "id": 6,
        "question": "What if I need help choosing the right domain?",
        "answer": "Create a hub for cross-functional work that also works with all your other tools. Centralize and standardize communication with Miro. All premium functional are included here with updates."
      },
      {
        "id": 7,
        "question": "Learn from community on Brandwagon",
        "answer": "Brian Halligan knows that you need more than a great product to have a great brand. Hear his thoughts & score a peek at our wagon."
      }
    ]
  },
  "footerWidget": {
    "footerLogo": "../../assets/image/appCreative/logo.png",
    "siteName": "RedQ, Inc",
    "siteUrl": "#",
    "aboutUs": {
      "title": "About Us",
      "menuItems": [
        {
          "id": 1,
          "url": "#",
          "text": "Support Center"
        },
        {
          "id": 2,
          "url": "#",
          "text": "Customer Support"
        },
        {
          "id": 3,
          "url": "#",
          "text": "About Us"
        },
        {
          "id": 4,
          "url": "#",
          "text": "Copyright"
        }
      ]
    },
    "ourInformation": {
      "title": "Our Information",
      "menuItems": [
        {
          "id": 1,
          "url": "#",
          "text": "Return Policy"
        },
        {
          "id": 2,
          "url": "#",
          "text": "Privacy Policy"
        },
        {
          "id": 3,
          "url": "#",
          "text": "Terms & Conditions"
        },
        {
          "id": 4,
          "url": "#",
          "text": "Site Map"
        }
      ]
    },
    "myAccount": {
      "title": "My Account",
      "menuItems": [
        {
          "id": 1,
          "url": "#",
          "text": "Press inquiries"
        },
        {
          "id": 2,
          "url": "#",
          "text": "Social media"
        },
        {
          "id": 3,
          "url": "#",
          "text": "Directories"
        },
        {
          "id": 4,
          "url": "#",
          "text": "Permissions"
        }
      ]
    }
  }
}
